FEMALE,MALE,UX_DASH_NUMBER,MATERIAL,POPULATION,STATUS,Gm13_28949836_G_A,BARC.046084.10230,BARC.027552.06609,BARC.040169.07675,BARC.065783.19748,BARC.029969.06762,BARC.020505.04644,BARC.053261.11776,BARC.044361.08677,BARC.025927.05161,BARC.042815.08424,BARC.052789.11619,BARC.013211.00449,Gm04_40345917_C_T,Gm06_12914255_A_G,KS20,GSM191,BARC.016935.02365,BARC.057281.14664,BARC.047893.10417,SNAP18.2,SNPsum
Parent_9,Parent_6,UX4965-1,Puerto Rico 2023-2024 UP3YC6 Intermating,UX4965,Active,0,0,BARC.027552.06609,BARC.040169.07675,0,BARC.029969.06762,BARC.020505.04644,BARC.053261.11776,0,BARC.025927.05161,BARC.042815.08424,BARC.052789.11619,0,0,Gm06_12914255_A_G,0,0,0,BARC.057281.14664,BARC.047893.10417,0,18
Parent_8,Parent_6,UX4973-1,Puerto Rico 2023-2024 UP3YC6 Intermating,UX4973,Active,Gm13_28949836_G_A,0,0,BARC.040169.07675,0,BARC.029969.06762,BARC.020505.04644,BARC.053261.11776,0,BARC.025927.05161,BARC.042815.08424,BARC.052789.11619,0,0,Gm06_12914255_A_G,KS20,0,0,BARC.057281.14664,0,0,17
Parent_8,Parent_6,UX4973-2,Puerto Rico 2023-2024 UP3YC6 Intermating,UX4973,Active,Gm13_28949836_G_A,0,0,BARC.040169.07675,0,BARC.029969.06762,BARC.020505.04644,BARC.053261.11776,0,BARC.025927.05161,BARC.042815.08424,BARC.052789.11619,0,0,Gm06_12914255_A_G,KS20,0,0,BARC.057281.14664,0,0,17
Parent_10,Parent_7,UX4985-1,Puerto Rico 2023-2024 UP3YC6 Intermating,UX4985,Active,Gm13_28949836_G_A,0,BARC.027552.06609,0,BARC.065783.19748,BARC.029969.06762,0,BARC.053261.11776,0,BARC.025927.05161,BARC.042815.08424,BARC.052789.11619,BARC.013211.00449,0,0,KS20,GSM191,0,0,BARC.047893.10417,SNAP18.2,16
Parent_7,Parent_10,UX4985B-7,Puerto Rico 2023-2024 UP3YC6 Intermating,UX4985,Active,Gm13_28949836_G_A,0,BARC.027552.06609,0,BARC.065783.19748,BARC.029969.06762,0,BARC.053261.11776,0,BARC.025927.05161,BARC.042815.08424,BARC.052789.11619,BARC.013211.00449,0,0,KS20,GSM191,0,0,BARC.047893.10417,SNAP18.2,16
Parent_3,Parent_5,UX4987-2,Puerto Rico 2023-2024 UP3YC6 Intermating,UX4987,Active,Gm13_28949836_G_A,BARC.046084.10230,0,0,0,0,BARC.020505.04644,BARC.053261.11776,0,BARC.025927.05161,0,BARC.052789.11619,BARC.013211.00449,0,0,0,GSM191,0,BARC.057281.14664,BARC.047893.10417,0,7
Parent_4,Parent_2,UX5002-1,Puerto Rico 2023-2024 UP3YC6 Intermating,UX5002,Active,Gm13_28949836_G_A,BARC.046084.10230,0,BARC.040169.07675,BARC.065783.19748,BARC.029969.06762,BARC.020505.04644,0,BARC.044361.08677,0,BARC.042815.08424,BARC.052789.11619,BARC.013211.00449,0,0,KS20,GSM191,0,0,0,SNAP18.2,20
Parent_4,Parent_7,UX5003-9,Puerto Rico 2023-2024 UP3YC6 Intermating,UX5003,Active,0,0,BARC.027552.06609,0,BARC.065783.19748,0,BARC.020505.04644,0,0,0,BARC.042815.08424,0,0,0,Gm06_12914255_A_G,0,GSM191,0,0,0,SNAP18.2,8
Parent_28,Parent_1,UX5060-1,Lincoln 2023-2024 Crosses,UX5060,Active,0,BARC.046084.10230,BARC.027552.06609,BARC.040169.07675,0,BARC.029969.06762,BARC.020505.04644,0,BARC.044361.08677,BARC.025927.05161,0,0,0,0,Gm06_12914255_A_G,0,GSM191,BARC.016935.02365,0,0,SNAP18.2,12
Parent_28,Parent_1,UX5060-3,Lincoln 2023-2024 Crosses,UX5060,Active,0,BARC.046084.10230,BARC.027552.06609,BARC.040169.07675,0,BARC.029969.06762,BARC.020505.04644,0,BARC.044361.08677,BARC.025927.05161,0,0,0,0,Gm06_12914255_A_G,0,GSM191,BARC.016935.02365,0,0,SNAP18.2,12
Parent_11,Parent_19,UX5076-1,Puerto Rico 2023-2024 IDC Yield Crosses,UX5076,Active,0,0,BARC.027552.06609,BARC.040169.07675,BARC.065783.19748,BARC.029969.06762,0,BARC.053261.11776,BARC.044361.08677,0,BARC.042815.08424,BARC.052789.11619,BARC.013211.00449,0,Gm06_12914255_A_G,0,0,BARC.016935.02365,BARC.057281.14664,BARC.047893.10417,SNAP18.2,14
Parent_11,Parent_19,UX5076-2,Puerto Rico 2023-2024 IDC Yield Crosses,UX5076,Active,0,0,BARC.027552.06609,BARC.040169.07675,BARC.065783.19748,BARC.029969.06762,0,BARC.053261.11776,BARC.044361.08677,0,BARC.042815.08424,BARC.052789.11619,BARC.013211.00449,0,Gm06_12914255_A_G,0,0,BARC.016935.02365,BARC.057281.14664,BARC.047893.10417,SNAP18.2,14
Parent_26,Parent_24,UX5092-1,Puerto Rico 2023-2024 UP1FeC13 Intermating,UX5092,Active,Gm13_28949836_G_A,0,BARC.027552.06609,BARC.040169.07675,0,BARC.029969.06762,0,0,BARC.044361.08677,0,BARC.042815.08424,BARC.052789.11619,0,0,0,KS20,GSM191,BARC.016935.02365,0,BARC.047893.10417,0,10
Parent_22,Parent_24,UX5102-1,Puerto Rico 2023-2024 UP1FeC13 Intermating,UX5102,Active,0,0,BARC.027552.06609,0,0,BARC.029969.06762,0,0,0,0,0,0,0,0,0,0,0,0,0,0,0,2
Parent_22,Parent_24,UX5102-2,Puerto Rico 2023-2024 UP1FeC13 Intermating,UX5102,Active,0,0,BARC.027552.06609,0,0,BARC.029969.06762,0,0,0,0,0,0,0,0,0,0,0,0,0,0,0,2
Parent_22,Parent_23,UX5105-1,Puerto Rico 2023-2024 UP1FeC13 Intermating,UX5105,Active,0,0,BARC.027552.06609,BARC.040169.07675,0,0,0,0,BARC.044361.08677,0,0,0,0,0,0,KS20,0,0,0,0,0,1
Parent_16,Parent_24,UX5111-7,Puerto Rico 2023-2024 UP1FeC13 Intermating,UX5111,Active,Gm13_28949836_G_A,0,BARC.027552.06609,BARC.040169.07675,0,BARC.029969.06762,BARC.020505.04644,0,0,0,0,0,BARC.013211.00449,0,0,KS20,GSM191,BARC.016935.02365,0,BARC.047893.10417,0,3
Parent_17,Parent_18,UX5125-8,Puerto Rico 2023-2024 UP1FeC13 Intermating,UX5125,Active,0,BARC.046084.10230,BARC.027552.06609,BARC.040169.07675,0,BARC.029969.06762,BARC.020505.04644,0,0,0,0,0,0,0,0,0,0,0,0,0,0,3
Parent_24,Parent_21,UX5142-1,Puerto Rico 2023-2024 UP1FeC13 Intermating,UX5142,Active,Gm13_28949836_G_A,0,BARC.027552.06609,BARC.040169.07675,0,0,BARC.020505.04644,0,BARC.044361.08677,0,0,0,BARC.013211.00449,0,Gm06_12914255_A_G,KS20,0,BARC.016935.02365,0,BARC.047893.10417,0,8
Parent_24,Parent_23,UX5144-3,Puerto Rico 2023-2024 UP1FeC13 Intermating,UX5144,Active,0,0,BARC.027552.06609,BARC.040169.07675,0,BARC.029969.06762,0,0,BARC.044361.08677,0,0,0,0,0,0,KS20,0,0,0,0,0,2
Parent_20,Parent_15,UX5150-2,Puerto Rico 2023-2024 UP1FeC13 Intermating,UX5150,Active,0,0,0,0,0,0,0,0,0,0,0,0,BARC.013211.00449,0,0,0,0,0,0,0,0,1
Parent_13,Parent_12,UX5152-1,Puerto Rico 2023-2024 Yield SCN Crosses,UX5152,Active,Gm13_28949836_G_A,BARC.046084.10230,BARC.027552.06609,BARC.040169.07675,0,0,BARC.020505.04644,0,0,0,BARC.042815.08424,0,0,0,Gm06_12914255_A_G,KS20,0,BARC.016935.02365,0,BARC.047893.10417,SNAP18.2,12
Parent_13,Parent_25,UX5153-1,Puerto Rico 2023-2024 Yield SCN Crosses,UX5153,Active,0,BARC.046084.10230,BARC.027552.06609,0,BARC.065783.19748,BARC.029969.06762,BARC.020505.04644,BARC.053261.11776,BARC.044361.08677,0,BARC.042815.08424,BARC.052789.11619,0,0,0,0,0,BARC.016935.02365,0,BARC.047893.10417,SNAP18.2,11
Parent_25,Parent_14,UX5156-4,Puerto Rico 2023-2024 Yield SCN Crosses,UX5156,Active,0,0,BARC.027552.06609,BARC.040169.07675,BARC.065783.19748,0,0,0,BARC.044361.08677,0,0,BARC.052789.11619,0,0,Gm06_12914255_A_G,0,GSM191,0,0,0,SNAP18.2,6
Parent_29,Parent_13,UX5160-4,Puerto Rico 2023-2024 Yield SCN Crosses,UX5160,Active,0,BARC.046084.10230,0,BARC.040169.07675,BARC.065783.19748,BARC.029969.06762,0,0,0,0,BARC.042815.08424,0,BARC.013211.00449,Gm04_40345917_C_T,0,KS20,GSM191,0,0,0,0,8
Parent_29,Parent_31,UX5161-2,Puerto Rico 2023-2024 Yield SCN Crosses,UX5161,Active,0,BARC.046084.10230,BARC.027552.06609,BARC.040169.07675,BARC.065783.19748,0,BARC.020505.04644,BARC.053261.11776,0,0,BARC.042815.08424,BARC.052789.11619,BARC.013211.00449,Gm04_40345917_C_T,0,KS20,GSM191,BARC.016935.02365,0,BARC.047893.10417,SNAP18.2,14
Parent_29,Parent_31,UX5161-5,Puerto Rico 2023-2024 Yield SCN Crosses,UX5161,Active,0,BARC.046084.10230,BARC.027552.06609,BARC.040169.07675,BARC.065783.19748,0,BARC.020505.04644,BARC.053261.11776,0,0,BARC.042815.08424,BARC.052789.11619,BARC.013211.00449,Gm04_40345917_C_T,0,KS20,GSM191,BARC.016935.02365,0,BARC.047893.10417,SNAP18.2,14
Parent_29,Parent_33,UX5162-3,Puerto Rico 2023-2024 Yield SCN Crosses,UX5162,Active,0,0,BARC.027552.06609,0,BARC.065783.19748,BARC.029969.06762,BARC.020505.04644,0,0,0,BARC.042815.08424,0,BARC.013211.00449,0,Gm06_12914255_A_G,KS20,0,BARC.016935.02365,BARC.057281.14664,0,0,10
Parent_30,Parent_13,UX5164-6,Puerto Rico 2023-2024 Yield SCN Crosses,UX5164,Active,0,BARC.046084.10230,BARC.027552.06609,0,0,0,0,BARC.053261.11776,BARC.044361.08677,0,0,0,0,0,0,0,GSM191,BARC.016935.02365,0,0,0,6
Parent_30,Parent_27,UX5165-10,Puerto Rico 2023-2024 Yield SCN Crosses,UX5165,Active,0,0,BARC.027552.06609,0,0,0,BARC.020505.04644,BARC.053261.11776,BARC.044361.08677,0,0,0,0,0,Gm06_12914255_A_G,0,0,0,0,BARC.047893.10417,SNAP18.2,8
Parent_32,Parent_31,UX5171-3,Puerto Rico 2023-2024 Yield SCN Crosses,UX5171,Active,0,BARC.046084.10230,0,0,0,0,BARC.020505.04644,0,BARC.044361.08677,0,BARC.042815.08424,BARC.052789.11619,0,0,Gm06_12914255_A_G,0,GSM191,BARC.016935.02365,0,BARC.047893.10417,SNAP18.2,11
Parent_32,Parent_29,UX5172-3,Puerto Rico 2023-2024 Yield SCN Crosses,UX5172,Active,0,0,BARC.027552.06609,BARC.040169.07675,BARC.065783.19748,0,0,BARC.053261.11776,BARC.044361.08677,0,BARC.042815.08424,0,BARC.013211.00449,Gm04_40345917_C_T,Gm06_12914255_A_G,KS20,0,0,0,0,0,9
Parent_32,Parent_29,UX5172-7,Puerto Rico 2023-2024 Yield SCN Crosses,UX5172,Active,0,0,BARC.027552.06609,BARC.040169.07675,BARC.065783.19748,0,0,BARC.053261.11776,BARC.044361.08677,0,BARC.042815.08424,0,BARC.013211.00449,Gm04_40345917_C_T,Gm06_12914255_A_G,KS20,0,0,0,0,0,9